n,parallel_time,linear_time
100,0.002046,0.000032
200,0.002664,0.000138
400,0.005584,0.000520
800,0.014999,0.001529
1000,0.021337,0.003079